{
  "mean": [
    0.5547688603401184,
    0.4507864713668823,
    0.34349220991134644
  ],
  "std": [
    0.22332406044006348,
    0.2333596795797348,
    0.23229141533374786
  ]
}