{
  "train_loss": [
    2.3732072512308755,
    2.3041280722006774,
    2.2399587692358556,
    2.160571018854777,
    2.0736071910613623,
    2.009228223409408,
    1.9402834131167486,
    1.8998413788966644,
    1.841299451314486,
    1.8086667076135292,
    1.7796116639406254,
    1.7435631736730919,
    1.7254062722890804,
    1.686293444572351,
    1.664592758203164
  ],
  "train_acc": [
    15.132779241840664,
    17.01804175957835,
    18.92357591729171,
    22.177174133387393,
    26.53557672815731,
    29.140482465031422,
    31.035880802756942,
    32.95155078045814,
    35.03952969795257,
    36.78289073586053,
    37.4315832150821,
    38.41475775390229,
    39.82363673221164,
    40.98925603081289,
    41.98256638962092
  ],
  "val_loss": [
    2.3382756974962025,
    2.352687632596051,
    2.2329790283132485,
    2.08638541786759,
    2.0365126353723033,
    1.9641211253625375,
    1.9244408165967022,
    1.8749425058011655,
    1.7691607960948237,
    1.7423458055213645,
    1.7283545313058075,
    1.7765726778242323,
    1.6577690133342036,
    1.6581989261839125,
    1.602624049893132
  ],
  "val_acc": [
    15.568513119533527,
    16.73469387755102,
    18.950437317784257,
    24.373177842565596,
    28.0466472303207,
    30.903790087463555,
    34.08163265306123,
    35.13119533527697,
    37.60932944606414,
    37.755102040816325,
    38.74635568513119,
    40.49562682215743,
    42.09912536443149,
    42.30320699708455,
    43.76093294460642
  ],
  "lr": [
    0.001,
    0.001,
    0.001,
    0.001,
    0.001,
    0.001,
    0.001,
    0.001,
    0.001,
    0.001,
    0.001,
    0.001,
    0.001,
    0.001,
    0.001
  ]
}