{
  "train_loss": [
    2.3842718570660324,
    2.1522375222964163,
    1.9870478984637139,
    1.9037399429541368,
    1.8557878946646666,
    1.775102239388686,
    1.6971063705591054,
    1.6203905527408307,
    1.5283402066964369,
    1.4721320011676886,
    1.4518330433429816,
    1.3418549192257416,
    1.309522338402577,
    1.2147663999826481,
    1.1744602979757848
  ],
  "train_acc": [
    17.585647678897224,
    24.99493209000608,
    30.87370768295155,
    34.36042975876749,
    35.50577741739307,
    38.67828907358605,
    41.50618285019258,
    44.51652138658017,
    47.73971214271234,
    50.15203729981756,
    50.67909993918508,
    54.06446381512264,
    55.067909993918505,
    58.77762010946686,
    59.720251368335695
  ],
  "val_loss": [
    3.5068474301585444,
    2.1381579681679055,
    2.302660310709918,
    1.9213467681849445,
    1.8527278215796859,
    1.7237146982440241,
    1.6824282341533237,
    1.5914988628140203,
    1.8268502023484972,
    1.5116675937617268,
    1.4134188802153975,
    1.4298400194556624,
    1.6938365410875391,
    1.279212525597325,
    1.3705848764490198
  ],
  "val_acc": [
    18.192419825072886,
    30.34985422740525,
    28.425655976676385,
    34.1399416909621,
    35.97667638483965,
    41.07871720116618,
    42.478134110787174,
    47.23032069970846,
    40.029154518950435,
    49.7667638483965,
    51.07871720116618,
    51.57434402332362,
    48.221574344023324,
    56.034985422740526,
    54.606413994169095
  ],
  "lr": [
    0.025,
    0.025,
    0.025,
    0.025,
    0.025,
    0.025,
    0.025,
    0.025,
    0.025,
    0.025,
    0.025,
    0.025,
    0.025,
    0.025,
    0.025
  ]
}