{
  "train_loss": [
    2.563740467413878,
    2.2774388576165223,
    2.2055451075236,
    2.1493491499851913,
    2.089583288400601,
    2.0042988443985963,
    1.9712817240984013,
    1.9260631845547602,
    1.910927251363412,
    1.85734623670578,
    1.8067775995303423,
    1.8113171886175106,
    1.7159969195341453,
    1.6564345298669276,
    1.6086784433095882
  ],
  "train_acc": [
    15.335495641597404,
    18.943847557267382,
    20.048651935941617,
    21.619704034056355,
    24.265153050881818,
    28.299209406040948,
    29.24184066490979,
    31.897425501723088,
    32.52584634096898,
    34.40097303871883,
    36.84370565578755,
    36.397729576322725,
    40.70545307115346,
    42.61098722886682,
    44.62801540644638
  ],
  "val_loss": [
    8.528692214577287,
    2.217415964161908,
    2.180410786911293,
    2.128732924108152,
    2.0565289612169617,
    2.018640950874046,
    2.0023192873707525,
    1.920993204470034,
    2.2669206018801087,
    1.932535418757686,
    2.0338470648836204,
    1.8182019083588212,
    1.682497218803123,
    1.6814455412052296,
    1.8928943739997015
  ],
  "val_acc": [
    13.906705539358601,
    19.941690962099127,
    18.862973760932945,
    21.807580174927114,
    25.247813411078717,
    26.88046647230321,
    28.571428571428573,
    32.06997084548105,
    27.638483965014576,
    33.032069970845484,
    27.988338192419825,
    35.77259475218659,
    40.61224489795919,
    40.49562682215743,
    37.87172011661808
  ],
  "lr": [
    0.1,
    0.1,
    0.1,
    0.1,
    0.1,
    0.1,
    0.1,
    0.1,
    0.1,
    0.1,
    0.1,
    0.1,
    0.1,
    0.1,
    0.1
  ]
}